"施設名称","所在地","施設名かな","カテゴリ","分類","TEL","FAX","URL","URL2","バリアフリー情報","詳細情報","備考","経度","緯度","分類"
"太左衛門橋公衆トイレ","大阪市中央区道頓堀1-5","たざえもんばしこうしゅうといれ","公衆トイレ","車いす対応公衆便所","","","","","","便器数　　男性用　小：３　　男女兼用車いす対応：１","","135.5033192","34.6688974900003","車いす対応公衆便所"
"城北公園　公衆トイレ５","大阪市旭区生江3丁目 29-60","","公衆トイレ","公衆便所","","","","","","","","135.5399132","34.7302112000003","公衆便所"
"江野公園　公衆トイレ","大阪市旭区中宮2丁目 18-22","えのこうえん　こうしゅうといれ","公衆トイレ","公衆便所","","","","","","","","135.5423468","34.7235842000002","公衆便所"
"旭公園　公衆トイレ１","大阪市旭区高殿5丁目 7-23","あさひこうえん　こうしゅうといれ１","公衆トイレ","車いす対応公衆便所","","","","","","","","135.5404859","34.7193317000002","車いす対応公衆便所"
"旭公園　公衆トイレ２","大阪市旭区高殿5丁目 7-63","あさひこうえん　こうしゅうといれ２","公衆トイレ","車いす対応公衆便所","","","","","","","","135.5407979","34.7175954000003","車いす対応公衆便所"
"旭公園　公衆トイレ３","大阪市旭区高殿5丁目 8-15","あさひこうえん　こうしゅうといれ３","公衆トイレ","公衆便所","","","","","","","","135.5398728","34.7179542000003","公衆便所"
"太子橋中公園　公衆トイレ","大阪市旭区太子橋2丁目 7-14","たいしばしひがしこうえん　こうしゅうといれ","公衆トイレ","車いす対応公衆便所","","","","","","","","135.5553748","34.7360674000002","車いす対応公衆便所"
"高殿７公園　公衆トイレ","大阪市旭区高殿7丁目 15-15","たかどの７こうえん　こうしゅうといれ","公衆トイレ","車いす対応公衆便所","","","","","","","","135.5491347","34.7179531000002","車いす対応公衆便所"
"蒲生公園　公衆トイレ","大阪市城東区中央3丁目 5-17","がもうこうえん　こうしゅうといれ","公衆トイレ","車いす対応公衆便所","","","","","","","","135.5442865","34.7044606000002","車いす対応公衆便所"
"鯰江公園　公衆トイレ","大阪市城東区今福西6丁目 5-26","なまずえこうえん　こうしゅうといれ","公衆トイレ","車いす対応公衆便所","","","","","","","","135.5524865","34.7041095000003","車いす対応公衆便所"
"西関目公園　公衆トイレ","大阪市城東区関目1丁目 7-23","にしせきめこうえん　こうしゅうといれ","公衆トイレ","車いす対応公衆便所","","","","","","","","135.5481773","34.7084436000002","車いす対応公衆便所"
"成育公園　公衆トイレ","大阪市城東区成育3丁目 18-25","せいいくこうえん　こうしゅうといれ","公衆トイレ","公衆便所","","","","","","","","135.5437866","34.7092715000002","公衆便所"
"左専道公園　公衆トイレ","大阪市城東区永田2丁目 12-25","させんどうこうえん　こうしゅうといれ","公衆トイレ","車いす対応公衆便所","","","","","","","","135.5571212","34.6862441000002","車いす対応公衆便所"
"東中浜公園　公衆トイレ","大阪市城東区東中浜5丁目 3-31","ひがしなかはまこうえん　こうしゅうといれ","公衆トイレ","車いす対応公衆便所","","","","","","","","135.5486718","34.6846778000002","車いす対応公衆便所"
"東今福公園　公衆トイレ","大阪市城東区今福東2丁目 11-6","ひがしいまふくこうえん　こうしゅうといれ","公衆トイレ","車いす対応公衆便所","","","","","","","","135.5583325","34.7030054000002","車いす対応公衆便所"
"西放出公園　公衆トイレ","大阪市城東区放出西2丁目 15-5","にしはなてんこうえん　こうしゅうといれ","公衆トイレ","車いす対応公衆便所","","","","","","","","135.5573212","34.6928051000002","車いす対応公衆便所"
"鴫野公園　公衆トイレ","大阪市城東区鴫野西4丁目 11-52","しぎのこうえん　こうしゅうといれ","公衆トイレ","車いす対応公衆便所","","","","","","","","135.5409286","34.6915712000003","車いす対応公衆便所"
"鴫野北公園　公衆トイレ","大阪市城東区鴫野東1丁目 5-35","しぎのきたこうえん　こうしゅうといれ","公衆トイレ","車いす対応公衆便所","","","","","","","","135.544812","34.6954024000003","車いす対応公衆便所"
"中之島公園　公衆トイレ１","大阪市北区中之島1丁目 1","なかのしまこうえん　こうしゅうといれ１","公衆トイレ","車いす対応公衆便所","","","","","","","","135.5074816","34.6927194000003","車いす対応公衆便所"
"中之島公園　公衆トイレ２","大阪市北区中之島1丁目 1","なかのしまこうえん　こうしゅうといれ２","公衆トイレ","車いす対応公衆便所","","","","","","","","135.5103598","34.6916997000003","車いす対応公衆便所"
"毛馬桜之宮公園　公衆トイレ（川崎橋横）","大阪市北区天満1丁目 1-139","けまさくらのみやこうえん　こうしゅうといれ１","公衆トイレ","車いす対応公衆便所","","","","","","","","135.5211078","34.6936384000003","車いす対応公衆便所"
"毛馬桜之宮公園　公衆トイレ（天満橋北）","大阪市北区天満1丁目 5-2","けまさくらのみやこうえん　こうしゅうといれ","公衆トイレ","公衆便所","","","","","","便器数　　男性用　和：１　小：２　　女性用　和：２","","135.5176806","34.6920218000003","公衆便所"
"都島公園　公衆トイレ","大阪市都島区都島中通2丁目 22-8","みやこじまこうえん　こうしゅうといれ","公衆トイレ","車いす対応公衆便所","","","","","","便器数　　男性用　小：２　　男女兼用　和：１　　車椅子対応：１","","135.5305025","34.7059040000003","車いす対応公衆便所"
"毛馬桜之宮公園　公衆トイレ（市公館横（1））","大阪市都島区網島町10","けまさくらのみやこうえん　こうしゅうといれ２","公衆トイレ","車いす対応公衆便所","","","","","","","","135.5237827","34.6955789000003","車いす対応公衆便所"
"毛馬桜之宮公園　公衆トイレ（艇庫横北）","大阪市都島区中野町1丁目 10-8","けまさくらのみやこうえん　こうしゅうといれ３","公衆トイレ","車いす対応公衆便所","","","","","","","","135.5230549","34.7007105900003","車いす対応公衆便所"
"毛馬桜之宮公園　公衆トイレ（ＪＲ北側）","大阪市都島区中野町5丁目 12-4","けまさくらのみやこうえん　こうしゅうといれ４","公衆トイレ","車いす対応公衆便所","","","","","","","","135.518927","34.7059044000003","車いす対応公衆便所"
"毛馬桜之宮公園　公衆トイレ（友渕南）","大阪市都島区友渕町1丁目 1-6","けまさくらのみやこうえん　こうしゅうといれ５","公衆トイレ","車いす対応公衆便所","","","","","","","","135.5224862","34.7155190100003","車いす対応公衆便所"
"八幡屋公園　公衆トイレ１","大阪市港区田中3丁目 1-116","やはたやこうえん　こうしゅうといれ１","公衆トイレ","車いす対応公衆便所","","","","","","","","135.447043400001","34.6617419000005","車いす対応公衆便所"
"八幡屋公園　公衆トイレ２","大阪市港区田中3丁目 1-30","やはたやこうえん　こうしゅうといれ２","公衆トイレ","車いす対応公衆便所","","","","","","","","135.447350600001","34.6596752000005","車いす対応公衆便所"
"八幡屋公園　公衆トイレ３","大阪市港区田中3丁目 1-43","やはたやこうえん　こうしゅうといれ３","公衆トイレ","車いす対応公衆便所","","","","","","","","135.445898000001","34.6596800000005","車いす対応公衆便所"
"城北公園　公衆トイレ１","大阪市旭区生江3丁目 29-73","しろきたこうえん　こうしゅうといれ１","公衆トイレ","車いす対応公衆便所","","","","","","","","135.5401612","34.7290647000003","車いす対応公衆便所"
"城北公園　公衆トイレ２","大阪市旭区生江3丁目 29-32","しろきたこうえん　こうしゅうといれ２","公衆トイレ","車いす対応公衆便所","","","","","","","","135.5383266","34.7300717000003","車いす対応公衆便所"
"城北公園　公衆トイレ３","大阪市旭区生江3丁目 29-101","しろきたこうえん　こうしゅうといれ３","公衆トイレ","車いす対応公衆便所","","","","","","","","135.537981","34.7284083000003","車いす対応公衆便所"
"城北公園　公衆トイレ４","大阪市旭区生江3丁目 29-125","しろきたこうえん　こうしゅうといれ４","公衆トイレ","車いす対応公衆便所","","","","","","","","135.5359483","34.7293980000003","車いす対応公衆便所"
"靭公園　公衆トイレ１","大阪市西区靱本町2丁目 1-53","うつぼこうえん　こうしゅうといれ１","公衆トイレ","車いす対応公衆便所","","","","","","","","135.489420100001","34.6835287000004","車いす対応公衆便所"
"靭公園　公衆トイレ２","大阪市西区靱本町1丁目 9-58","うつぼこうえん　こうしゅうといれ２","公衆トイレ","車いす対応公衆便所","","","","","","","","135.493119600001","34.6852794000004","車いす対応公衆便所"
"靭公園　公衆トイレ３","大阪市西区靱本町1丁目 9-83","うつぼこうえん　こうしゅうといれ３","公衆トイレ","車いす対応公衆便所","","","","","","","","135.495043700001","34.6863298000004","車いす対応公衆便所"
"靭公園　公衆トイレ４","大阪市西区靱本町1丁目 8-11","うつぼこうえん　こうしゅうといれ４","公衆トイレ","車いす対応公衆便所","","","","","","","","135.4961366","34.6860524000004","車いす対応公衆便所"
"天王寺公園　公衆トイレ２","大阪市天王寺区茶臼山町","てんのうじこうえん　こうしゅうといれ２","公衆トイレ","車いす対応公衆便所","","","","","","","","135.5118771","34.6480167000003","車いす対応公衆便所"
"天王寺公園　公衆トイレ３","大阪市天王寺区茶臼山町","てんのうじこうえん　こうしゅうといれ３","公衆トイレ","車いす対応公衆便所","","","","","","","","135.5110652","34.6492811000003","車いす対応公衆便所"
"天王寺公園　公衆トイレ４","大阪市天王寺区茶臼山町","てんのうじこうえん　こうしゅうといれ４","公衆トイレ","車いす対応公衆便所","","","","","","","","135.5097137","34.6496306000003","車いす対応公衆便所"
"天王寺公園　公衆トイレ５","大阪市天王寺区茶臼山町","てんのうじこうえん　こうしゅうといれ５","公衆トイレ","車いす対応公衆便所","","","","","","","","135.5122025","34.6519001000003","車いす対応公衆便所"
"長居公園　公衆トイレ（相撲場横）","大阪市東住吉区長居公園1","ながいこうえん　こうしゅうといれ　すもうじょうまえ","公衆トイレ","車いす対応公衆便所","","","","","","","","135.5169287","34.6124247600003","車いす対応公衆便所"
"長居公園　公衆トイレ（南西入口）","大阪市東住吉区長居公園1","ながいこうえん　こうしゅうといれ１","公衆トイレ","車いす対応公衆便所","","","","","","","","135.5148768","34.6105174600003","車いす対応公衆便所"
"長居公園　公衆トイレ（南西角）","大阪市東住吉区長居公園1","ながいこうえん　こうしゅうといれ２","公衆トイレ","車いす対応公衆便所","","","","","","","","135.5165213","34.6096476800003","車いす対応公衆便所"
"長居公園　公衆トイレ（矢田口）","大阪市東住吉区長居公園1","ながいこうえん　こうしゅうといれ３","公衆トイレ","車いす対応公衆便所","","","","","","","","135.5265123","34.6098044200003","車いす対応公衆便所"
"長居公園　公衆トイレ（植物園前）","大阪市東住吉区長居公園1","ながいこうえん　こうしゅうといれ４","公衆トイレ","車いす対応公衆便所","","","","","","","","135.5200187","34.6114225500003","車いす対応公衆便所"
"長居公園　公衆トイレ（田辺口）","大阪市東住吉区長居公園1","ながいこうえん　こうしゅうといれ５","公衆トイレ","車いす対応公衆便所","","","","","","","","135.5263245","34.6147889500003","車いす対応公衆便所"
"長居公園　公衆トイレ（プール横）","大阪市東住吉区長居公園1","ながいこうえん　こうしゅうといれ６","公衆トイレ","車いす対応公衆便所","","","","","","","","135.5197639","34.6133099600003","車いす対応公衆便所"
"大阪城公園　公衆トイレ２","大阪市中央区大阪城0 1-1","おおさかじょうこうえん　こうしゅうといれ２","公衆トイレ","車いす対応公衆便所","","","","","","","","135.5253949","34.6867671000003","車いす対応公衆便所"
"大阪城公園　公衆トイレ３","大阪市中央区大阪城0 1-1","おおさかじょうこうえん　こうしゅうといれ３","公衆トイレ","車いす対応公衆便所","","","","","","","","135.5251011","34.6857293000003","車いす対応公衆便所"
"大阪城公園　公衆トイレ４","大阪市中央区大阪城0 1-1","おおさかじょうこうえん　こうしゅうといれ４","公衆トイレ","車いす対応公衆便所","","","","","","","","135.5283081","34.6867671000003","車いす対応公衆便所"
"大阪城公園　公衆トイレ５","大阪市中央区城見1丁目 1-3","おおさかじょうこうえん　こうしゅうといれ５","公衆トイレ","車いす対応公衆便所","","","","","","","","135.5261899","34.6897228000003","車いす対応公衆便所"
"大阪城公園　公衆トイレ６","大阪市中央区大阪城0 3-29","おおさかじょうこうえん　こうしゅうといれ６","公衆トイレ","車いす対応公衆便所","","","","","","","","135.5228758","34.6884025000003","車いす対応公衆便所"
"大阪城公園　公衆トイレ７","大阪市中央区大阪城0 2-1","おおさかじょうこうえん　こうしゅうといれ７","公衆トイレ","車いす対応公衆便所","","","","","","","","135.5255243","34.6844746000003","車いす対応公衆便所"
"大阪城公園　公衆トイレ８","大阪市中央区大阪城0 2-24","おおさかじょうこうえん　こうしゅうといれ８","公衆トイレ","車いす対応公衆便所","","","","","","","","135.5215822","34.6856255000003","車いす対応公衆便所"
"大阪城公園　公衆トイレ９","大阪市中央区大阪城0 2-21","","公衆トイレ","車いす対応公衆便所","","","","","","","","135.5220168","34.6835480000003","車いす対応公衆便所"
"大阪城公園　公衆トイレ１１","大阪市中央区大阪城0 3-13","おおさかじょうこうえん　こうしゅうといれ１１","公衆トイレ","車いす対応公衆便所","","","","","","","","135.5296489","34.6823719000003","車いす対応公衆便所"
"大阪城公園　公衆トイレ１２","大阪市中央区大阪城0 3-11","おおさかじょうこうえん　こうしゅうといれ１２","公衆トイレ","車いす対応公衆便所","","","","","","","","135.5304297","34.6842623000003","車いす対応公衆便所"
"大阪城公園　公衆トイレ１３","大阪市中央区大阪城0 3-7","おおさかじょうこうえん　こうしゅうといれ１３","公衆トイレ","車いす対応公衆便所","","","","","","","","135.5320905","34.6836266000003","車いす対応公衆便所"
"大阪城公園　公衆トイレ１４","大阪市中央区大阪城0 3-10","おおさかじょうこうえん　こうしゅうといれ１４","公衆トイレ","車いす対応公衆便所","","","","","","","","135.5329778","34.6823169000003","車いす対応公衆便所"
"大阪城公園　公衆トイレ１５","大阪市中央区大阪城0 3-4","おおさかじょうこうえん　こうしゅうといれ１５","公衆トイレ","車いす対応公衆便所","","","","","","","","135.5332284","34.6863409000003","車いす対応公衆便所"
"大阪城公園　公衆トイレ１６","大阪市中央区城見1丁目 4-82","おおさかじょうこうえん　こうしゅうといれ１６","公衆トイレ","車いす対応公衆便所","","","","","","","","135.5323398","34.6890647000003","車いす対応公衆便所"
"大阪城公園　公衆トイレ１８","大阪市中央区城見1丁目 1-33","おおさかじょうこうえん　こうしゅうといれ１８","公衆トイレ","車いす対応公衆便所","","","","","","","","135.5285224","34.6899008000003","車いす対応公衆便所"
"花博記念公園鶴見緑地　公衆トイレ２","大阪市鶴見区緑地公園","はなはくきねんこうえんつるみりょくち　こうしゅうといれ２","公衆トイレ","車いす対応公衆便所","","","","","","","","135.5779457","34.7163489000002","車いす対応公衆便所"
"花博記念公園鶴見緑地　公衆トイレ３","大阪市鶴見区緑地公園","はなはくきねんこうえんつるみりょくち　こうしゅうといれ３","公衆トイレ","車いす対応公衆便所","","","","","","","","135.5784692","34.7152690000002","車いす対応公衆便所"
"花博記念公園鶴見緑地　公衆トイレ４","大阪市鶴見区緑地公園","はなはくきねんこうえんつるみりょくち　こうしゅうといれ４","公衆トイレ","車いす対応公衆便所","","","","","","","","135.5775758","34.7139251000002","車いす対応公衆便所"
"花博記念公園鶴見緑地　公衆トイレ５","大阪市鶴見区緑地公園","はなはくきねんこうえんつるみりょくち　こうしゅうといれ５","公衆トイレ","車いす対応公衆便所","","","","","","","","135.5760572","34.7119927000002","車いす対応公衆便所"
"花博記念公園鶴見緑地　公衆トイレ６","大阪市鶴見区緑地公園","はなはくきねんこうえんつるみりょくち　こうしゅうといれ６","公衆トイレ","車いす対応公衆便所","","","","","","","","135.5778197","34.7115706000002","車いす対応公衆便所"
"花博記念公園鶴見緑地　公衆トイレ７","大阪市鶴見区緑地公園","はなはくきねんこうえんつるみりょくち　こうしゅうといれ７","公衆トイレ","車いす対応公衆便所","","","","","","","","135.5762405","34.7107650000002","車いす対応公衆便所"
"花博記念公園鶴見緑地　公衆トイレ８","大阪市鶴見区緑地公園","はなはくきねんこうえんつるみりょくち　こうしゅうといれ８","公衆トイレ","車いす対応公衆便所","","","","","","","","135.5786908","34.7092637000002","車いす対応公衆便所"
"花博記念公園鶴見緑地　公衆トイレ９","大阪市鶴見区緑地公園","はなはくきねんこうえんつるみりょくち　こうしゅうといれ９","公衆トイレ","車いす対応公衆便所","","","","","","","","135.5729917","34.7109341000002","車いす対応公衆便所"
"花博記念公園鶴見緑地　公衆トイレ１０","大阪市鶴見区緑地公園","はなはくきねんこうえんつるみりょくち　こうしゅうといれ１０","公衆トイレ","車いす対応公衆便所","","","","","","","","135.5722856","34.7129260000002","車いす対応公衆便所"
"花博記念公園鶴見緑地　公衆トイレ１１","大阪市鶴見区緑地公園","はなはくきねんこうえんつるみりょくちち　こうしゅうといれ１１","公衆トイレ","車いす対応公衆便所","","","","","","","","135.5692679","34.7106956000002","車いす対応公衆便所"
"花博記念公園鶴見緑地　公衆トイレ１２","大阪市鶴見区緑地公園","はなはくきねんこうえんつるみりょくち　こうしゅうといれ１２","公衆トイレ","車いす対応公衆便所","","","","","","","","135.569619","34.7126691000002","車いす対応公衆便所"
"花博記念公園鶴見緑地　公衆トイレ１３","大阪市鶴見区緑地公園","はなはくきねんこうえんつるみりょくち　こうしゅうといれ１３","公衆トイレ","車いす対応公衆便所","","","","","","","","135.5690409","34.7163235000002","車いす対応公衆便所"
"花博記念公園鶴見緑地　公衆トイレ１４","大阪市鶴見区緑地公園","はなはくきねんこうえんつるみりょくち　こうしゅうといれ１４","公衆トイレ","車いす対応公衆便所","","","","","","","","135.5728772","34.7160104000002","車いす対応公衆便所"
"花博記念公園鶴見緑地　公衆トイレ１７","大阪市鶴見区緑地公園","はなはくきねんこうえんつるみりょくち　こうしゅうといれ１７","公衆トイレ","車いす対応公衆便所","","","","","","","","135.563655","34.7115322000002","車いす対応公衆便所"
"扇町公園　公衆トイレ１","大阪市北区扇町2丁目 2-9","おうぎまちこうえん　こうしゅうといれ１","公衆トイレ","車いす対応公衆便所","","","","","","","","135.5087725","34.7047368000003","車いす対応公衆便所"
"鶴満寺公園　公衆トイレ","大阪市北区長柄東1丁目 3-15","かくまんじこうえん　こうしゅうといれ","公衆トイレ","車いす対応公衆便所","","","","","","","","135.5161607","34.7112121000003","車いす対応公衆便所"
"天六","大阪市北区天神橋6丁目 4-20","てんろく","公衆トイレ","車いす対応公衆便所","","","","","","便器数　　男性用　洋：１　和：１　小：２　　女性用　洋：１　和：１　　男女兼用車いす対応：１","","135.5114425","34.7105656000003","車いす対応公衆便所"
"大正橋公衆トイレ","大阪市大正区三軒家東1-1","たいしょうばしこうしゅうといれ","公衆トイレ","公衆便所","","","","","","便器数　　男性用　小：２　　男女兼用　和：１","","135.479868700001","34.6667841300004","公衆便所"
"鶴町北公園　公衆トイレ","大阪市大正区鶴町4丁目 4-11","つるまちきたこうえん　こうしゅうといれ","公衆トイレ","公衆便所","","","","","","便器数　　男性用　小：１　　男女兼用　和：１","","135.454280000001","34.6438319000005","公衆便所"
"生玉町公衆トイレ","大阪市天王寺区生玉町13","いくたまちょうこうしゅうといれ","公衆トイレ","公衆便所","","","","","","便器数　　男性用　小：２　　男女兼用　洋：１","","135.5129941","34.6659017000003","公衆便所"
"五条公園　公衆トイレ","大阪市天王寺区烏ケ辻2丁目 5-37","ごじょうこうえん　こうしゅうといれ","公衆トイレ","公衆便所","","","","","","便器数　　男性用　小：２　　男女兼用　和：１","","135.5240926","34.6578999000003","公衆便所"
"御霊神社横公衆トイレ","大阪市中央区淡路町4","ごりょうじんじゃよここうしゅうといれ","公衆トイレ","公衆便所","","","","","","便器数　　男性用　小：２　　男女兼用　和：１","","135.4989098","34.6876043900004","公衆便所"
"新世界公衆トイレ","大阪市浪速区恵美須東1-18","しんせかいこうしゅうといれ","公衆トイレ","公衆便所","","","","","","便器数　　男性用　小：２　　男女兼用　和：２","","135.5059718","34.6525450800004","公衆便所"
"相合橋公衆トイレ","大阪市中央区宗右衛門町","あいあうばしこうしゅうといれ","公衆トイレ","車いす対応公衆便所","","","","","","便器数　　男性用　小：１　　女性用　洋：１　　男女兼用車いす対応：１","","135.504368","34.6692129500004","車いす対応公衆便所"
"野里公園　公衆トイレ","大阪市西淀川区野里1丁目 9-17","のざとこうえん　こうしゅうといれ","公衆トイレ","車いす対応公衆便所","","","","","","便器数　　男性用　小：２　　男女兼用　和：１　　車椅子対応：１","","135.463341800001","34.7087649000005","車いす対応公衆便所"
"大野川遊歩道公衆トイレ","大阪市西淀川区御幣島3-1","おおのがわゆうほどうこうしゅうといれ","公衆トイレ","車いす対応公衆便所","","","","","","便器数　　男性用　和：１　小：２　　女性用　和：２　　男女兼用　車いす対応：１","","135.460077000001","34.7155035800005","車いす対応公衆便所"
"南中本公園　公衆トイレ","大阪市東成区大今里西1丁目 10-1","みなみなかもとこうえん　こうしゅうといれ","公衆トイレ","車いす対応公衆便所","","","","","","便器数　　男性用　小：２　　男女兼用　和：１　　車椅子対応：１","","135.5421319","34.6742732000003","車いす対応公衆便所"
"大今里公園　公衆トイレ","大阪市東成区大今里4丁目 16-23","おおいまざとこうえん　こうしゅうといれ","公衆トイレ","公衆便所","","","","","","便器数　　男性用　和：１　小：２　　女性用　和：１","","135.5486893","34.6686406000002","公衆便所"
"千林町公衆トイレ","大阪市旭区千林1-11","せんばやしちょうこうしゅうといれ","公衆トイレ","車いす対応公衆便所","","","","","","便器数　　男性用　車いす対応：１　女性用　洋：１　車いす対応：１","","135.5548152","34.7242581700002","車いす対応公衆便所"
"山坂公園　公衆トイレ","大阪市東住吉区山坂2丁目 19-33","やまさかこうえん　こうしゅうといれ","公衆トイレ","公衆便所","","","","","","便器数　　男性用　小：２　　男女兼用　和：１","","135.5218921","34.6230148000003","公衆便所"
"平野公園　公衆トイレ１","大阪市平野区平野東2丁目 11-15","ひらのこうえん　こうしゅうといれ１","公衆トイレ","車いす対応公衆便所","","","","","","便器数　　男性用　小：２　　男女兼用　和：１　　車椅子対応：１","","135.5597797","34.6233224000002","車いす対応公衆便所"
"浦江公園　公衆トイレ","大阪市北区大淀南3丁目 3-43","うらえこうえん　こうしゅうといれ","公衆トイレ","車いす対応公衆便所","","","","","","","","135.483026300001","34.7014220000004","車いす対応公衆便所"
"豊崎西公園　公衆トイレ","大阪市北区豊崎5丁目 5-13","とよさきにしこうえん　こうしゅうといれ","公衆トイレ","車いす対応公衆便所","","","","","","","","135.4981598","34.7113676000004","車いす対応公衆便所"
"南天満公園　公衆トイレ１","大阪市北区天神橋1丁目 2-4","みなみてんまこうえん　こうしゅうといれ１","公衆トイレ","車いす対応公衆便所","","","","","","","","135.5125798","34.6923217000003","車いす対応公衆便所"
"本庄公園　公衆トイレ","大阪市北区本庄西3丁目 11-8","ほんじょうこうえん　こうしゅうといれ","公衆トイレ","車いす対応公衆便所","","","","","","","","135.5040449","34.7151465000004","車いす対応公衆便所"
"滝川公園　公衆トイレ","大阪市北区天満4丁目 7-9","たきがわこうえん　こうしゅうといれ","公衆トイレ","車いす対応公衆便所","","","","","","","","135.5144278","34.6939329000003","車いす対応公衆便所"
"与力町公園　公衆トイレ","大阪市北区与力町5","よりきちょうこうえん　こうしゅうといれ","公衆トイレ","車いす対応公衆便所","","","","","","","","135.5147721","34.7014135000003","車いす対応公衆便所"
"長柄東公園　公衆トイレ","大阪市北区長柄東1丁目 6-37","ながらひがしこうえん　こうしゅうといれ","公衆トイレ","車いす対応公衆便所","","","","","","","","135.5196196","34.7121621000003","車いす対応公衆便所"
"内代公園　公衆トイレ","大阪市都島区内代町3丁目 3-19","うちんだいこうえん　こうしゅうといれ","公衆トイレ","車いす対応公衆便所","","","","","","","","135.5365729","34.7133872000003","車いす対応公衆便所"
"友渕中央公園　公衆トイレ","大阪市都島区友渕町1丁目 3-54","ともぶちちゅうおうこうえん　こうしゅうといれ","公衆トイレ","公衆便所","","","","","","","","135.5246787","34.7192379000003","公衆便所"
"都島中央公園　公衆トイレ","大阪市都島区中野町5丁目 15-50","みやこじまちゅうおうこうえん　こうしゅうといれ","公衆トイレ","車いす対応公衆便所","","","","","","","","135.5226104","34.7069072000003","車いす対応公衆便所"
"毛馬中央公園　公衆トイレ","大阪市都島区毛馬町4丁目 1-27","けまちゅうおうこうえん　こうしゅうといれ","公衆トイレ","車いす対応公衆便所","","","","","","","","135.5220451","34.7227100000003","車いす対応公衆便所"
"福島公園　公衆トイレ","大阪市福島区福島5丁目 16-9","ふくしまこうえん　こうしゅうといれ","公衆トイレ","車いす対応公衆便所","","","","","","","","135.485006400001","34.6958754000004","車いす対応公衆便所"
"下福島公園　公衆トイレ","大阪市福島区福島4丁目 1-6","しもふくしまこうえん　こうしゅうといれ","公衆トイレ","車いす対応公衆便所","","","","","","","","135.483122700001","34.6904755000004","車いす対応公衆便所"
"江成公園　公衆トイレ","大阪市福島区吉野3丁目 17-31","えなりこうえん　こうしゅうといれ","公衆トイレ","車いす対応公衆便所","","","","","","","","135.473305000001","34.6918253000004","車いす対応公衆便所"
"吉野町公園　公衆トイレ","大阪市福島区吉野4丁目 12-7","よしのちょうこうえん　こうしゅうといれ","公衆トイレ","車いす対応公衆便所","","","","","","","","135.470789900001","34.6893635000005","車いす対応公衆便所"
"上福島北公園　公衆トイレ","大阪市福島区福島7丁目 23-3","かみふくしまきたこうえん　こうしゅうといれ","公衆トイレ","車いす対応公衆便所","","","","","","","","135.486205000001","34.7006473000004","車いす対応公衆便所"
"鷺洲中公園　公衆トイレ","大阪市福島区鷺洲2丁目 4-12","さぎすなかこうえん　こうしゅうといれ","公衆トイレ","車いす対応公衆便所","","","","","","","","135.481077900001","34.6967998000004","車いす対応公衆便所"
"新家公園　公衆トイレ","大阪市福島区吉野5丁目 9-29","しんけこうえん　こうしゅうといれ","公衆トイレ","車いす対応公衆便所","","","","","","","","135.468564600001","34.6874696000005","車いす対応公衆便所"
"海老江公園　公衆トイレ","大阪市福島区海老江7丁目 15-26","えびえこうえん　こうしゅうといれ","公衆トイレ","車いす対応公衆便所","","","","","","","","135.470210500001","34.6953078000005","車いす対応公衆便所"
"西九条公園　公衆トイレ","大阪市此花区西九条5丁目 4-10","にしくじょうこうえん　こうしゅうといれ","公衆トイレ","車いす対応公衆便所","","","","","","","","135.465242400001","34.6840078000005","車いす対応公衆便所"
"此花公園　公衆トイレ","大阪市此花区春日出北1丁目 5-4","このはなこうえん　こうしゅうといれ","公衆トイレ","車いす対応公衆便所","","","","","","","","135.450755700001","34.6823490000005","車いす対応公衆便所"
"梅香公園　公衆トイレ","大阪市此花区梅香3丁目 3-4","ばいかこうえん　こうしゅうといれ","公衆トイレ","車いす対応公衆便所","","","","","","","","135.455689500001","34.6811819000005","車いす対応公衆便所"
"春日出公園　公衆トイレ","大阪市此花区春日出南1丁目 2-29","かすがでこうえん　こうしゅうといれ","公衆トイレ","車いす対応公衆便所","","","","","","","","135.457674300001","34.6793816000005","車いす対応公衆便所"
"西九条西公園　公衆トイレ","大阪市此花区西九条4丁目 4-18","にしくじょうにしこうえん　こうしゅうといれ","公衆トイレ","車いす対応公衆便所","","","","","","","","135.463884800001","34.6819335000005","車いす対応公衆便所"
"梅香東公園　公衆トイレ","大阪市此花区梅香1丁目 3-5","ばいかひがしこうえん　こうしゅうといれ","公衆トイレ","車いす対応公衆便所","","","","","","","","135.459735200001","34.6822589000005","車いす対応公衆便所"
"高見公園　公衆トイレ","大阪市此花区高見1丁目 5-18","たかみこうえん　こうしゅうといれ","公衆トイレ","車いす対応公衆便所","","","","","","","","135.458453100001","34.6915177000005","車いす対応公衆便所"
"伝法東公園　公衆トイレ","大阪市此花区伝法2丁目 11-7","でんぽうひがしこうえん　こうしゅうといれ","公衆トイレ","車いす対応公衆便所","","","","","","","","135.455094500001","34.6877783000005","車いす対応公衆便所"
"伝法公園　公衆トイレ","大阪市此花区伝法3丁目 14-6","でんぽうこうえん　こうしゅうといれ","公衆トイレ","車いす対応公衆便所","","","","","","","","135.451302100001","34.6887124000005","車いす対応公衆便所"
"朝日橋公園　公衆トイレ","大阪市此花区西九条6丁目 1-92","あさひばしこうえん　こうしゅうといれ","公衆トイレ","車いす対応公衆便所","","","","","","","","135.462251000001","34.6815084000005","車いす対応公衆便所"
"千鳥橋みどり公園　公衆トイレ","大阪市此花区伝法1丁目 2-30","ちどりばしみどりこうえん　こうしゅうといれ","公衆トイレ","車いす対応公衆便所","","","","","","","","135.460498600001","34.6888139000005","車いす対応公衆便所"
"高見新家公園　公衆トイレ","大阪市此花区高見1丁目 2-117","たかみしんけこうえん　こうしゅうといれ","公衆トイレ","車いす対応公衆便所","","","","","","","","135.462931500001","34.6899078000005","車いす対応公衆便所"
"瓦屋町公園　公衆トイレ１","大阪市中央区瓦屋町2丁目 9-24","かわらやまちこうえん　こうしゅうといれ１","公衆トイレ","公衆便所","","","","","","","","135.5127017","34.6703934000003","公衆便所"
"松島公園　公衆トイレ１","大阪市西区千代崎1丁目 1-14","まつしまこうえん　こうしゅうといれ１","公衆トイレ","車いす対応公衆便所","","","","","","","","135.481433600001","34.6767573000004","車いす対応公衆便所"
"松島公園　公衆トイレ２","大阪市西区千代崎1丁目 3-49","まつしまこうえん　こうしゅうといれ２","公衆トイレ","車いす対応公衆便所","","","","","","","","135.480294300001","34.6769530000004","車いす対応公衆便所"
"九条北公園　公衆トイレ","大阪市西区九条南4丁目 19-10","くじょうきたこうえん　こうしゅうといれ","公衆トイレ","車いす対応公衆便所","","","","","","","","135.467534400001","34.6755704000005","車いす対応公衆便所"
"九条東公園　公衆トイレ","大阪市西区九条2丁目 19-4","くじょうひがしこうえん　こうしゅうといれ","公衆トイレ","公衆便所","","","","","","","","135.472042400001","34.6755280000004","公衆便所"
"日吉公園　公衆トイレ","大阪市西区南堀江4丁目 9-14","ひよしこうえん　こうしゅうといれ","公衆トイレ","車いす対応公衆便所","","","","","","","","135.484709300001","34.6708437000004","車いす対応公衆便所"
"島津公園　公衆トイレ","大阪市西区立売堀5丁目 4-33","しまづこうえん　こうしゅうといれ","公衆トイレ","公衆便所","","","","","","","","135.485610100001","34.6796202000004","公衆便所"
"築港南公園　公衆トイレ","大阪市港区築港1丁目 2-53","ちっこうみなみこうえん　こうしゅうといれ","公衆トイレ","車いす対応公衆便所","","","","","","","","135.437279600001","34.6534818000006","車いす対応公衆便所"
"東田中公園　公衆トイレ","大阪市港区田中1丁目 1-3","ひがしたなかこうえん　こうしゅうといれ","公衆トイレ","車いす対応公衆便所","","","","","","","","135.451526400001","34.6651961000005","車いす対応公衆便所"
"天保山公園　公衆トイレ","大阪市港区築港3丁目 2-6","てんぽうざんこうえん　こうしゅうといれ","公衆トイレ","車いす対応公衆便所","","","","","","","","135.433039800001","34.6571448000006","車いす対応公衆便所"
"三先公園　公衆トイレ","大阪市港区三先2丁目 3-17","みさきこうえん　こうしゅうといれ","公衆トイレ","車いす対応公衆便所","","","","","","","","135.452208900001","34.6596445000005","車いす対応公衆便所"
"市岡元町公園　公衆トイレ","大阪市港区市岡元町3丁目 12-36","いちおかもとまちこうえん　こうしゅうといれ","公衆トイレ","車いす対応公衆便所","","","","","","","","135.464555800001","34.6674104000005","車いす対応公衆便所"
"磯路中央公園　公衆トイレ１","大阪市港区磯路2丁目 17-63","いそじちゅうおうこうえん　こうしゅうといれ１","公衆トイレ","車いす対応公衆便所","","","","","","","","135.459863900001","34.6663528000005","車いす対応公衆便所"
"波除公園　公衆トイレ１","大阪市港区波除5丁目 12-32","なみよけこうえん　こうしゅうといれ１","公衆トイレ","車いす対応公衆便所","","","","","","","","135.460141500001","34.6741834000005","車いす対応公衆便所"
"池島公園　公衆トイレ","大阪市港区池島2丁目 4-19","いけじまこうえん　こうしゅうといれ","公衆トイレ","車いす対応公衆便所","","","","","","","","135.451956300001","34.6567650000005","車いす対応公衆便所"
"夕凪公園　公衆トイレ","大阪市港区夕凪2丁目 6-6","ゆうなぎこうえん　こうしゅうといれ","公衆トイレ","車いす対応公衆便所","","","","","","","","135.452073200001","34.6627214700005","車いす対応公衆便所"
"入舟公園　公衆トイレ","大阪市港区八幡屋1丁目 4-1","いりふねこうえん　こうしゅうといれ","公衆トイレ","公衆便所","","","","","","","","135.447868100001","34.6575297000005","公衆便所"
"市岡公園　公衆トイレ","大阪市港区市岡4丁目 6-8","いちおかこうえん　こうしゅうといれ","公衆トイレ","公衆便所","","","","","","","","135.462130400001","34.6598152000005","公衆便所"
"泉尾公園　公衆トイレ１","大阪市大正区泉尾4丁目 21-33","いずおこうえん　こうしゅうといれ１","公衆トイレ","車いす対応公衆便所","","","","","","","","135.468394100001","34.6559436000005","車いす対応公衆便所"
"泉尾公園　公衆トイレ２","大阪市大正区泉尾4丁目 21-63","いずおこうえん　こうしゅうといれ２","公衆トイレ","車いす対応公衆便所","","","","","","","","135.468423100001","34.6577917000005","車いす対応公衆便所"
"鶴町中央公園　公衆トイレ","大阪市大正区鶴町2丁目 7-36","つるまちちゅうおうこうえん　こうしゅうといれ","公衆トイレ","車いす対応公衆便所","","","","","","","","135.455868700001","34.6389186000005","車いす対応公衆便所"
"三軒家公園　公衆トイレ","大阪市大正区三軒家東2丁目 12-43","さんげんやこうえん　こうしゅうといれ","公衆トイレ","公衆便所","","","","","","","","135.478523100001","34.6596796000004","公衆便所"
"鶴町南公園　公衆トイレ","大阪市大正区鶴町1丁目 19-43","つるまちみなみこうえん　こうしゅうといれ","公衆トイレ","車いす対応公衆便所","","","","","","","","135.455506200001","34.6361736000005","車いす対応公衆便所"
"南恩加島公園　公衆トイレ","大阪市大正区南恩加島1丁目 13-39","みなみおかじまこうえん　こうしゅうといれ","公衆トイレ","車いす対応公衆便所","","","","","","","","135.472161000001","34.6348210000005","車いす対応公衆便所"
"小林公園　公衆トイレ","大阪市大正区小林東2丁目 6-49","こばやしこうえん　こうしゅうといれ","公衆トイレ","車いす対応公衆便所","","","","","","","","135.474502200001","34.6435467000005","車いす対応公衆便所"
"千島公園　公衆トイレ１","大阪市大正区千島2丁目 7-93","ちしまこうえん　こうしゅうといれ１","公衆トイレ","車いす対応公衆便所","","","","","","","","135.472045100001","34.6493395000005","車いす対応公衆便所"
"千島公園　公衆トイレ２","大阪市大正区千島2丁目 7-114","ちしまこうえん　こうしゅうといれ２","公衆トイレ","車いす対応公衆便所","","","","","","","","135.473971300001","34.6498886000004","車いす対応公衆便所"
"千島公園　公衆トイレ３","大阪市大正区千島2丁目 7-40","ちしまこうえん　こうしゅうといれ３","公衆トイレ","車いす対応公衆便所","","","","","","","","135.473765100001","34.6479099000004","車いす対応公衆便所"
"千島公園　公衆トイレ４","大阪市大正区千島2丁目 7-7","ちしまこうえん　こうしゅうといれ４","公衆トイレ","車いす対応公衆便所","","","","","","","","135.476306500001","34.6482421000004","車いす対応公衆便所"
"平尾公園　公衆トイレ","大阪市大正区平尾2丁目 22-25","ひらおこうえん　こうしゅうといれ","公衆トイレ","車いす対応公衆便所","","","","","","","","135.472968100001","34.6407696000004","車いす対応公衆便所"
"北村南公園　公衆トイレ","大阪市大正区北村3丁目 2-49","きたむらみなみこうえん　こうしゅうといれ","公衆トイレ","車いす対応公衆便所","","","","","","","","135.467297300001","34.6490461000005","車いす対応公衆便所"
"萩之茶屋中公園公衆トイレ","大阪市西成区萩之茶屋2-4","はぎのちゃやなかこうえんこうしゅうといれ","公衆トイレ","公衆便所","","","","","","便器数　　男性用　小：２　　男女兼用　和：１","","135.5008543","34.6458814000003","公衆便所"
"萩之茶屋南公園公衆トイレ","大阪市西成区萩之茶屋3-7","はぎのちゃやみなみこうえんこうしゅうといれ","公衆トイレ","公衆便所","","","","","","便器数　　男性用　小：５　　男女兼用　和：３","","135.501289","34.6448773900004","公衆便所"
"萩之茶屋公衆トイレ","大阪市西成区萩之茶屋3-5","はぎのちゃやこうしゅうといれ","公衆トイレ","公衆便所","","","","","","便器数　　男性用　小：５　　男女兼用　和：３","","135.4990598","34.6452392800004","公衆便所"
"南天満公園　公衆トイレ２","大阪市北区天満4丁目 1-1","みなみてんまこうえん　こうしゅうといれ２","公衆トイレ","公衆便所","","","","","","","","135.5143827","34.6920583000003","公衆便所"
"中津公園　公衆トイレ","大阪市北区中津2丁目 8-92","なかつこうえんこうしゅうといれ","公衆トイレ","公衆便所","","","","","","","","135.4983693","34.7147503000004","公衆便所"
"中之島西公園　公衆トイレ","大阪市北区中之島6丁目 3-5","なかのしまにしこうえん　こうしゅうといれ","公衆トイレ","公衆便所","","","","","","","","135.483684600001","34.6864055000004","公衆便所"
"磯路中央公園　公衆トイレ２","大阪市港区磯路2丁目 17-28","いそじちゅうおうこうえん　こうしゅうといれ２","公衆トイレ","公衆便所","","","","","","","","135.458051600001","34.6650546000005","公衆便所"
"波除公園　公衆トイレ２","大阪市港区波除5丁目 5-26","なみよけこうえん　こうしゅうといれ２","公衆トイレ","公衆便所","","","","","","","","135.460869800001","34.6743725000005","公衆便所"
"真田山公園　公衆トイレ１","大阪市天王寺区餌差町６","さなだやまこうえん　こうしゅうといれ１","公衆トイレ","車いす対応公衆便所","","","","","","","","135.5281747","34.6705836000003","車いす対応公衆便所"
"真田山公園　公衆トイレ２","大阪市天王寺区真田山町５","さなだやまこうえん　こうしゅうといれ２","公衆トイレ","公衆便所","","","","","","","","135.527375","34.6697126000003","公衆便所"
"宰相山公園　公衆トイレ","大阪市天王寺区玉造本町14","さいしょうやまこうえん　こうしゅうといれ","公衆トイレ","公衆便所","","","","","","","","135.5294993","34.6727003000003","公衆便所"
"芦原公園　公衆トイレ１","大阪市浪速区久保吉2丁目 1-55","あしはらこうえん　こうしゅうといれ１","公衆トイレ","公衆便所","","","","","","","","135.483103100001","34.6624508000004","公衆便所"
"芦原公園　公衆トイレ２","大阪市浪速区久保吉2丁目 1-30","あしはらこうえん　こうしゅうといれ２","公衆トイレ","公衆便所","","","","","","","","135.483838200001","34.6615353000004","公衆便所"
"浪速公園　公衆トイレ","大阪市浪速区塩草1丁目 1-14","なにわこうえん　こうしゅうといれ","公衆トイレ","車いす対応公衆便所","","","","","","","","135.493137100001","34.6619066000004","車いす対応公衆便所"
"恵美公園　公衆トイレ","大阪市浪速区恵美須西2丁目 13-43","えみこうえん　こうしゅうといれ","公衆トイレ","公衆便所","","","","","","","","135.5020661","34.6537515000003","公衆便所"
"塩草公園　公衆トイレ","大阪市浪速区塩草2丁目 8-13","しおくさこうえん　こうしゅうといれ","公衆トイレ","公衆便所","","","","","","","","135.492347500001","34.6590249000004","公衆便所"
"佃公園　公衆トイレ","大阪市西淀川区佃5丁目 7-14","つくだこうえん　こうしゅうといれ","公衆トイレ","車いす対応公衆便所","","","","","","","","135.434503800001","34.7111254000006","車いす対応公衆便所"
"北之町公園　公衆トイレ","大阪市西淀川区歌島3丁目 7-4","きたのちょうこうえん　こうしゅうといれ","公衆トイレ","公衆便所","","","","","","","","135.461074000001","34.7135219000005","公衆便所"
"姫島公園　公衆トイレ","大阪市西淀川区姫島4丁目 14-21","ひめじまこうえん　こうしゅうといれ","公衆トイレ","車いす対応公衆便所","","","","","","","","135.452380700001","34.7045459000005","車いす対応公衆便所"
"中島公園　公衆トイレ１","大阪市西淀川区中島1丁目 22-83","なかじまこうえん　こうしゅうといれ１","公衆トイレ","車いす対応公衆便所","","","","","","","","135.425165800001","34.7002802000006","車いす対応公衆便所"
"中島公園　公衆トイレ２","大阪市西淀川区中島1丁目 22-103","なかじまこうえん　こうしゅうといれ２","公衆トイレ","公衆便所","","","","","","","","135.427261800001","34.7000479000006","公衆便所"
"大和田北公園　公衆トイレ","大阪市西淀川区大和田5丁目 20-37","おおわだきたこうえん　こうしゅうといれ","公衆トイレ","公衆便所","","","","","","","","135.444184700001","34.7082863000005","公衆便所"
"竹島西公園　公衆トイレ","大阪市西淀川区竹島5丁目 5-26","たけしまにしこうえん　こうしゅうといれ","公衆トイレ","車いす対応公衆便所","","","","","","","","135.449039000001","34.7273308000005","車いす対応公衆便所"
"西姫島公園　公衆トイレ","大阪市西淀川区姫島6丁目 4-8","にしひめじまこうえん　こうしゅうといれ","公衆トイレ","公衆便所","","","","","","","","135.446579200001","34.7013478000005","公衆便所"
"福町東公園　公衆トイレ","大阪市西淀川区福町1丁目 11-10","ふくまちひがしこうえん　こうしゅうといれ","公衆トイレ","車いす対応公衆便所","","","","","","","","135.445341500001","34.6980165000005","車いす対応公衆便所"
"西淀公園　公衆トイレ","大阪市西淀川区大和田1丁目 1-48","にしよどこうえん　こうしゅうといれ","公衆トイレ","車いす対応公衆便所","","","","","","","","135.451241400001","34.7061034000005","車いす対応公衆便所"
"福町西公園　公衆トイレ","大阪市西淀川区福町2丁目 9-28","ふくまちにしこうえん　こうしゅうといれ","公衆トイレ","車いす対応公衆便所","","","","","","","","135.443451000001","34.6970176000005","車いす対応公衆便所"
"新淀川公園　公衆トイレ","大阪市西淀川区百島1丁目 3-39","しんよどがわこうえん　こうしゅうといれ","公衆トイレ","車いす対応公衆便所","","","","","","","","135.438210700001","34.6943211000006","車いす対応公衆便所"
"大和田中央公園　公衆トイレ","大阪市西淀川区大和田4丁目 4-21","おおわだちゅうおうこうえん　こうしゅうといれ","公衆トイレ","車いす対応公衆便所","","","","","","","","135.443292000001","34.7056880000006","車いす対応公衆便所"
"御幣島東公園　公衆トイレ","大阪市西淀川区御幣島3丁目 7-24","みてじまひがしこうえん　こうしゅうといれ","公衆トイレ","車いす対応公衆便所","","","","","","","","135.457445200001","34.7177098000005","車いす対応公衆便所"
"矢倉緑地公園　公衆トイレ","大阪市西淀川区西島2-1","やぐらりょくちこうえん　こうしゅうといれ","公衆トイレ","車いす対応公衆便所","","","","","","","","135.418376600001","34.6877780000007","車いす対応公衆便所"
"佃ふれあい公園　公衆トイレ","大阪市西淀川区佃2丁目 1-42","つくだふれあいこうえん　こうしゅうといれ","公衆トイレ","車いす対応公衆便所","","","","","","","","135.448745900001","34.7139008000005","車いす対応公衆便所"
"十三公園　公衆トイレ１","大阪市淀川区十三元今里1丁目 1-6","じゅうそうこうえん　こうしゅうといれ１","公衆トイレ","車いす対応公衆便所","","","","","","","","135.478211800001","34.7170560000004","車いす対応公衆便所"
"十三公園　公衆トイレ２","大阪市淀川区十三元今里1丁目 1-41","じゅうそうこうえん　こうしゅうといれ２","公衆トイレ","公衆便所","","","","","","","","135.476879800001","34.7172646000004","公衆便所"
"塚本公園　公衆トイレ","大阪市淀川区塚本4丁目 15-16","つかもとこうえん　こうしゅうといれ","公衆トイレ","車いす対応公衆便所","","","","","","","","135.468185200001","34.7157844000005","車いす対応公衆便所"
"三国本町公園　公衆トイレ","大阪市淀川区三国本町1丁目 12-6","みくにほんまちこうえん　こうしゅうといれ","公衆トイレ","車いす対応公衆便所","","","","","","","","135.487016900001","34.7310488000004","車いす対応公衆便所"
"十八条東公園　公衆トイレ","大阪市淀川区十八条1丁目 8-9","じゅうはちじょうひがしこうえん　こうしゅうといれ","公衆トイレ","車いす対応公衆便所","","","","","","","","135.496354800001","34.7469558000004","車いす対応公衆便所"
"十八条中央公園　公衆トイレ","大阪市淀川区十八条2丁目 16-4","じゅうはちじょうちゅうおうこうえん　こうしゅうといれ","公衆トイレ","車いす対応公衆便所","","","","","","","","135.489967800001","34.7481490000004","車いす対応公衆便所"
"北中島公園　公衆トイレ","大阪市淀川区宮原5丁目 7-3","きたなかじまこうえん　こうしゅうといれ","公衆トイレ","車いす対応公衆便所","","","","","","","","135.4952162","34.7376911000004","車いす対応公衆便所"
"加島中央公園　公衆トイレ","大阪市淀川区加島1丁目 58-24","かしまちゅうおうこうえん　こうしゅうといれ","公衆トイレ","車いす対応公衆便所","","","","","","","","135.459516900001","34.7283338000005","車いす対応公衆便所"
"田川公園　公衆トイレ","大阪市淀川区田川3丁目 11-41","たがわこうえん　こうしゅうといれ","公衆トイレ","公衆便所","","","","","","","","135.463699500001","34.7201021000005","公衆便所"
"野中南公園　公衆トイレ","大阪市淀川区野中南2丁目 1-24","のなかみなみこうえん　こうしゅうといれ","公衆トイレ","車いす対応公衆便所","","","","","","","","135.482690800001","34.7263813000004","車いす対応公衆便所"
"加島南公園　公衆トイレ","大阪市淀川区加島1丁目 34","かしまみなみこうえん　こうしゅうといれ","公衆トイレ","車いす対応公衆便所","","","","","","","","135.459190200001","34.7248276000005","車いす対応公衆便所"
"新高中央公園　公衆トイレ","大阪市淀川区新高4丁目 15-50","にいたかちゅうおうこうえん　こうしゅうといれ","公衆トイレ","車いす対応公衆便所","","","","","","","","135.478018400001","34.7355347000004","車いす対応公衆便所"
"瑞光寺公園　公衆トイレ","大阪市東淀川区瑞光2丁目 2-37","ずいこうじこうえん　こうしゅうといれ","公衆トイレ","公衆便所","","","","","","","","135.5384203","34.7493853000003","公衆便所"
"淡路公園　公衆トイレ","大阪市東淀川区淡路5丁目 14-9","あわじこうえん　こうしゅうといれ","公衆トイレ","車いす対応公衆便所","","","","","","","","135.5157342","34.7426473000003","車いす対応公衆便所"
"豊里中央公園　公衆トイレ","大阪市東淀川区豊里5丁目 14-28","とよさとちゅうおうこうえん　こうしゅうといれ","公衆トイレ","車いす対応公衆便所","","","","","","","","135.5429302","34.7419464000002","車いす対応公衆便所"
"日之出公園　公衆トイレ","大阪市東淀川区西淡路1丁目 5-7","ひのでこうえん　こうしゅうといれ","公衆トイレ","車いす対応公衆便所","","","","","","","","135.5034358","34.7369466000004","車いす対応公衆便所"
"井高野公園　公衆トイレ","大阪市東淀川区井高野3丁目 3-79","いたかのこうえん　こうしゅうといれ","公衆トイレ","車いす対応公衆便所","","","","","","","","135.5439665","34.7650741000002","車いす対応公衆便所"
"西淡路公園　公衆トイレ","大阪市東淀川区西淡路3丁目 1-15","にしあわじこうえん　こうしゅうといれ","公衆トイレ","車いす対応公衆便所","","","","","","","","135.5084363","34.7384990000003","車いす対応公衆便所"
"北江口中央公園　公衆トイレ","大阪市東淀川区北江口2丁目 1-53","きたえぐちちゅうおうこうえん　こうしゅうといれ","公衆トイレ","車いす対応公衆便所","","","","","","","","135.544467","34.7579731000003","車いす対応公衆便所"
"淡路３公園　公衆トイレ","大阪市東淀川区淡路3丁目 13-56","あわじ３こうえん　こうしゅうといれ","公衆トイレ","車いす対応公衆便所","","","","","","","","135.5129018","34.7377811000003","車いす対応公衆便所"
"深江公園　公衆トイレ","大阪市東成区深江北2丁目 16-9","ふかえこうえん　こうしゅうといれ","公衆トイレ","公衆便所","","","","","","","","135.5592145","34.6739174000002","公衆便所"
"神路公園　公衆トイレ","大阪市東成区東中本2丁目 12-37","かみじこうえん　こうしゅうといれ","公衆トイレ","車いす対応公衆便所","","","","","","","","135.5477912","34.6777017000002","車いす対応公衆便所"
"東中本公園　公衆トイレ","大阪市東成区東中本3丁目 15-28","ひがしなかもとこうえん　こうしゅうといれ","公衆トイレ","公衆便所","","","","","","","","135.5448787","34.6759047000002","公衆便所"
"東小橋公園　公衆トイレ","大阪市東成区東小橋2丁目 1-30","ひがしこはしこうえん　こうしゅうといれ","公衆トイレ","車いす対応公衆便所","","","","","","","","135.5328653","34.6696276000003","車いす対応公衆便所"
"東小橋北公園　公衆トイレ","大阪市東成区東小橋1丁目 9-12","ひがしこはしきたこうえん　こうしゅうといれ","公衆トイレ","車いす対応公衆便所","","","","","","","","135.533473","34.6731890000003","車いす対応公衆便所"
"東深江公園　公衆トイレ","大阪市東成区深江北3丁目 16-8","ひがしふかえこうえん　こうしゅうといれ","公衆トイレ","車いす対応公衆便所","","","","","","","","135.5621445","34.6756794000002","車いす対応公衆便所"
"桃谷公園　公衆トイレ","大阪市生野区桃谷1丁目 2-53","ももだにこうえん　こうしゅうといれ","公衆トイレ","車いす対応公衆便所","","","","","","","","135.529721","34.6599940000003","車いす対応公衆便所"
"巽公園　公衆トイレ","大阪市生野区巽西1丁目 7-10","たつみこうえん　こうしゅうといれ","公衆トイレ","車いす対応公衆便所","","","","","","","","135.5465341","34.6517826000002","車いす対応公衆便所"
"巽大地公園　公衆トイレ","大阪市生野区巽中3丁目 9-3","たつみだいちこうえん　こうしゅうといれ","公衆トイレ","公衆便所","","","","","","","","135.5509086","34.6479306000002","公衆便所"
"巽東緑地　公衆トイレ","大阪市生野区巽東4丁目 11-47","たつみひがしりょくち　こうしゅうといれ","公衆トイレ","車いす対応公衆便所","","","","","","","","135.5605801","34.6449069000002","車いす対応公衆便所"
"今津公園　公衆トイレ１","大阪市鶴見区今津中2丁目 3-54","いまづこうえん　こうしゅうといれ１","公衆トイレ","車いす対応公衆便所","","","","","","","","135.5696924","34.6913696000002","車いす対応公衆便所"
"今津公園　公衆トイレ２","大阪市鶴見区今津中2丁目 3-23","いまづこうえん　こうしゅうといれ２","公衆トイレ","車いす対応公衆便所","","","","","","","","135.571079","34.6910590000002","車いす対応公衆便所"
"茨田大宮西公園　公衆トイレ","大阪市鶴見区茨田大宮2丁目 7-24","まったおおみやにしこうえん　こうしゅうといれ","公衆トイレ","車いす対応公衆便所","","","","","","","","135.5940156","34.7117231000002","車いす対応公衆便所"
"茨田大宮中央公園　公衆トイレ","大阪市鶴見区茨田大宮4丁目 23-45","まったおおみやちゅうおうこうえん　こうしゅうといれ","公衆トイレ","車いす対応公衆便所","","","","","","","","135.5981099","34.7124804000001","車いす対応公衆便所"
"鶴見中央公園　公衆トイレ","大阪市鶴見区鶴見1丁目 6-128","つるみちゅうおうこうえん　こうしゅうといれ","公衆トイレ","車いす対応公衆便所","","","","","","","","135.5656473","34.6976964000002","車いす対応公衆便所"
"長池公園　公衆トイレ","大阪市阿倍野区長池町14","ながいけこうえん　こうしゅうといれ","公衆トイレ","車いす対応公衆便所","","","","","","","","135.5187337","34.6232056000003","車いす対応公衆便所"
"桃ヶ池公園　公衆トイレ","大阪市阿倍野区桃ケ池町1丁目 6-11","ももがいけこうえん　こうしゅうといれ","公衆トイレ","車いす対応公衆便所","","","","","","","","135.5217554","34.6308307000003","車いす対応公衆便所"
"聖天山公園　公衆トイレ","大阪市阿倍野区松虫通3丁目 2-55","","公衆トイレ","車いす対応公衆便所","","","","","","","","135.5039734","34.6359493000004","車いす対応公衆便所"
"中加賀屋公園　公衆トイレ","大阪市住之江区中加賀屋1丁目 5-5","なかかがやこうえん　こうしゅうといれ","公衆トイレ","車いす対応公衆便所","","","","","","","","135.481926800001","34.6194576000004","車いす対応公衆便所"
"浜口西公園　公衆トイレ","大阪市住之江区浜口西2丁目 6-14","はまぐちにしこうえん　こうしゅうといれ","公衆トイレ","公衆便所","","","","","","","","135.483739100001","34.6106843000004","公衆便所"
"北加賀屋公園　公衆トイレ","大阪市住之江区北加賀屋5丁目 3-11","きたかがやこうえん　こうしゅうといれ","公衆トイレ","公衆便所","","","","","","","","135.475823400001","34.6224068000004","公衆便所"
"新北島東公園　公衆トイレ","大阪市住之江区新北島3丁目 5-4","しんきたじまひがしこうえん　こうしゅうといれ","公衆トイレ","車いす対応公衆便所","","","","","","","","135.469907300001","34.6070400000005","車いす対応公衆便所"
"浜口公園　公衆トイレ","大阪市住之江区浜口西3丁目 4-9","はまぐちこうえん　こうしゅうといれ","公衆トイレ","車いす対応公衆便所","","","","","","","","135.484145400001","34.6082400000004","車いす対応公衆便所"
"柴谷公園　公衆トイレ","大阪市住之江区柴谷2丁目 7-26","しばたにこうえん　こうしゅうといれ","公衆トイレ","車いす対応公衆便所","","","","","","","","135.465893200001","34.6172900000005","車いす対応公衆便所"
"敷津浦東公園　公衆トイレ","大阪市住之江区御崎7丁目 15-36","しきつうらひがしこうえん　こうしゅうといれ","公衆トイレ","車いす対応公衆便所","","","","","","","","135.479335600001","34.6031075000004","車いす対応公衆便所"
"南港中央公園　公衆トイレ１","大阪市住之江区南港東8丁目 5-135","なんこうちゅうおうこうえん　こうしゅうといれ１","公衆トイレ","車いす対応公衆便所","","","","","","","","135.431354800001","34.6317392000006","車いす対応公衆便所"
"南港中央公園　公衆トイレ２","大阪市住之江区南港東8丁目 5-18","なんこうちゅうおうこうえん　こうしゅうといれ２","公衆トイレ","車いす対応公衆便所","","","","","","","","135.433101100001","34.6325249000006","車いす対応公衆便所"
"南港中央公園　公衆トイレ３","大阪市住之江区南港東8丁目 5-36","なんこうちゅうおうこうえん　こうしゅうといれ３","公衆トイレ","車いす対応公衆便所","","","","","","","","135.434529400001","34.6310384000006","車いす対応公衆便所"
"平林泉公園　公衆トイレ","大阪市住之江区泉２丁目 1","ひらばやしいずみこうえん　こうしゅうといれ","公衆トイレ","車いす対応公衆便所","","","","","","","","135.462162700001","34.6129806000005","車いす対応公衆便所"
"清水丘公園　公衆トイレ","大阪市住吉区清水丘2丁目 22-5","しみずがおかこうえん　こうしゅうといれ","公衆トイレ","公衆便所","","","","","","","","135.491733000001","34.6023663000004","公衆便所"
"おりおの南公園　公衆トイレ","大阪市住吉区遠里小野7丁目 5-7","おりおのみなみこうえん　こうしゅうといれ","公衆トイレ","公衆便所","","","","","","","","135.492707200001","34.5967373000004","公衆便所"
"万代池公園　公衆トイレ１","大阪市住吉区万代3丁目 7-82","まんだいいけこうえん　こうしゅうといれ１","公衆トイレ","車いす対応公衆便所","","","","","","","","135.5035234","34.6203802000004","車いす対応公衆便所"
"万代池公園　公衆トイレ２","大阪市住吉区万代3丁目 7-53","まんだいいけこうえん　こうしゅうといれ２","公衆トイレ","車いす対応公衆便所","","","","","","","","135.5010582","34.6200043000004","車いす対応公衆便所"
"沢之町公園　公衆トイレ","大阪市住吉区南住吉3丁目 15-29","さわのちょうこうえん　こうしゅうといれ","公衆トイレ","車いす対応公衆便所","","","","","","","","135.5015163","34.6038832000004","車いす対応公衆便所"
"山之内西公園　公衆トイレ","大阪市住吉区山之内5丁目 3-36","やまのうちにしこうえん　こうしゅうといれ","公衆トイレ","車いす対応公衆便所","","","","","","","","135.5005266","34.5890550000004","車いす対応公衆便所"
"浅香中央公園　公衆トイレ１","大阪市住吉区浅香1丁目 6-68","あさかちゅうおうこうえん　こうしゅうといれ１","公衆トイレ","車いす対応公衆便所","","","","","","","","135.5089423","34.5916315000003","車いす対応公衆便所"
"浅香中央公園　公衆トイレ２","大阪市住吉区浅香1丁目 6-20","あさかちゅうおうこうえん　こうしゅうといれ２","公衆トイレ","車いす対応公衆便所","","","","","","","","135.5101873","34.5907744000003","車いす対応公衆便所"
"万領中央公園　公衆トイレ","大阪市住吉区万代東3丁目 1-55","まんりょうちゅうおうこうえん　こうしゅうといれ","公衆トイレ","車いす対応公衆便所","","","","","","","","135.5042955","34.6164805000004","車いす対応公衆便所"
"育和公園　公衆トイレ","大阪市東住吉区杭全8丁目 8-31","いくわこうえん　こうしゅうといれ","公衆トイレ","車いす対応公衆便所","","","","","","","","135.5423576","34.6328837000002","車いす対応公衆便所"
"平野白鷺公園　公衆トイレ１","大阪市東住吉区今川6丁目 7-54","ひらのしらさぎこうえん　こうしゅうといれ１","公衆トイレ","車いす対応公衆便所","","","","","","","","135.5422201","34.6277077000003","車いす対応公衆便所"
"平野白鷺公園　公衆トイレ２","大阪市東住吉区今川6丁目 8-27","ひらのしらさぎこうえん　こうしゅうといれ２","公衆トイレ","車いす対応公衆便所","","","","","","","","135.5419884","34.6264954000003","車いす対応公衆便所"
"今川公園　公衆トイレ","大阪市東住吉区今川4丁目 23-17","いまがわこうえん　こうしゅうといれ","公衆トイレ","車いす対応公衆便所","","","","","","","","135.5346527","34.6264799000003","車いす対応公衆便所"
"矢田公園　公衆トイレ","大阪市東住吉区住道矢田1丁目 7-34","やたこうえん　こうしゅうといれ","公衆トイレ","公衆便所","","","","","","","","135.5327063","34.6009595000003","公衆便所"
"うるし堤公園　公衆トイレ","大阪市東住吉区今川1丁目 1-7","うるしつつみこうえん　こうしゅうといれ","公衆トイレ","車いす対応公衆便所","","","","","","","","135.5347295","34.6312203000003","車いす対応公衆便所"
"照ヶ丘矢田公園　公衆トイレ","大阪市東住吉区照ケ丘矢田1丁目 16-37","てるがおかやたこうえん　こうしゅうといれ","公衆トイレ","公衆便所","","","","","","","","135.5344311","34.6083760000003","公衆便所"
"矢田教育の森公園　公衆トイレ","大阪市東住吉区矢田5丁目 2-38","やたきょういくのもりこうえん　こうしゅうといれ","公衆トイレ","公衆便所","","","","","","","","135.5282455","34.5995420000003","公衆便所"
"鞍作公園　公衆トイレ","大阪市平野区加美南1丁目 11-25","くらつくりこうえん　こうしゅうといれ","公衆トイレ","車いす対応公衆便所","","","","","","","","135.5710028","34.6228271000002","車いす対応公衆便所"
"平野西公園　公衆トイレ","大阪市平野区平野西3丁目 5-7","ひらのにしこうえん　こうしゅうといれ","公衆トイレ","車いす対応公衆便所","","","","","","","","135.5459829","34.6193304000003","車いす対応公衆便所"
"長吉東部中央公園　公衆トイレ","大阪市平野区長吉長原東2丁目 6-53","ながよしとうぶちゅうおうこうえん　こうしゅうといれ","公衆トイレ","車いす対応公衆便所","","","","","","","","135.5774006","34.6034148000002","車いす対応公衆便所"
"長吉出戸公園　公衆トイレ","大阪市平野区長吉出戸1丁目 11-40","ながよしでとこうえん　こうしゅうといれ","公衆トイレ","車いす対応公衆便所","","","","","","","","135.565336","34.6132937000002","車いす対応公衆便所"
"喜連西中央公園　公衆トイレ","大阪市平野区喜連西2丁目 1-39","きれにしちゅうおうこうえん　こうしゅうといれ","公衆トイレ","車いす対応公衆便所","","","","","","","","135.541161","34.6130590000003","車いす対応公衆便所"
"川辺大和川公園　公衆トイレ","大阪市平野区長吉長原西4丁目 5-48","かわなべやまとがわこうえん　こうしゅうといれ","公衆トイレ","車いす対応公衆便所","","","","","","","","135.5672225","34.5964862000002","車いす対応公衆便所"
"天下茶屋公園　公衆トイレ","大阪市西成区岸里東1丁目 16-21","てんがちゃやこうえん　こうしゅうといれ","公衆トイレ","公衆便所","","","","","","","","135.4973257","34.6326332000004","公衆便所"
"西皿池公園　公衆トイレ","大阪市西成区潮路1丁目 4-25","にしさらいけこうえん　こうしゅうといれ","公衆トイレ","公衆便所","","","","","","","","135.493266400001","34.6367933000004","公衆便所"
"玉出西公園　公衆トイレ","大阪市西成区玉出西1丁目 9-15","たまでにしこうえん　こうしゅうといれ","公衆トイレ","車いす対応公衆便所","","","","","","","","135.489625600001","34.6266806000004","車いす対応公衆便所"
"北津守公園　公衆トイレ","大阪市西成区北津守3丁目 10-23","きたつもりこうえん　こうしゅうといれ","公衆トイレ","公衆便所","","","","","","","","135.481211300001","34.6504306000004","公衆便所"
"西成公園　公衆トイレ","大阪市西成区津守1丁目 13-14","にしなりこうえん　こうしゅうといれ","公衆トイレ","車いす対応公衆便所","","","","","","","","135.482016400001","34.6461691000004","車いす対応公衆便所"
"南津守中央公園　公衆トイレ","大阪市西成区南津守7丁目 10-37","みなみつもりちゅうおうこうえん　こうしゅうといれ","公衆トイレ","車いす対応公衆便所","","","","","","","","135.483396200001","34.6257625000004","車いす対応公衆便所"
"南津守さくら公園　公衆トイレ","大阪市西成区南津守1丁目 3-4","みなみつもりさくらこうえん　こうしゅうといれ","公衆トイレ","車いす対応公衆便所","","","","","","","","135.483622600001","34.6359788000004","車いす対応公衆便所"
"鶴見橋中央公園　公衆トイレ","大阪市西成区鶴見橋2丁目５","つるみばしちゅうおうこうえん　こうしゅうといれ","公衆トイレ","車いす対応公衆便所","","","","","","","","135.492545500001","34.6463517000004","車いす対応公衆便所"
"瓦屋町公園　公衆トイレ2","大阪市中央区瓦屋町2丁目 9-25","かわらやまちこうえん　こうしゅうといれ2","公衆トイレ","公衆便所","","","","","","","","135.5128452","34.6703993000003","公衆便所"
"平野公園　公衆トイレ２","大阪市平野区平野東2丁目 11-46","ひらのこうえん　こうしゅうといれ２","公衆トイレ","車いす対応公衆便所","","","","","","","","135.5591181","34.6221196000002","車いす対応公衆便所"
"ポートタウン東駅前公衆トイレ","大阪市住之江区南港中2-1","ぽーとたうんひがしえきまえこうしゅうといれ","公衆トイレ","車いす対応公衆便所","06-6572-2674","","","","","障害者用トイレあり","","135.430104600001","34.6311444900006","車いす対応公衆便所"
"舞洲運動広場（公衆便所）","大阪市此花区北港緑地1丁目 2-25","","公衆トイレ","車いす対応公衆便所","","","","","","【男性用】洋：1　和：2　小：10　【女性用】洋：4　和：5　【障がい者用】洋：1","","135.401131600001","34.6629991000008","車いす対応公衆便所"
"常吉西臨港緑地便所（北）","大阪市此花区常吉2-13","つねよしにしりんこうりょくちこうしゅうべんじょ（きた）","公衆トイレ","車いす対応公衆便所","","","","","","【男性用】和：1　小：2　【女性用】和：2　【障がい者用】洋：1","","135.411291300001","34.6754891000007","車いす対応公衆便所"
"常吉西臨港緑地便所（南）","大阪市此花区常吉2-13","つねよしにしりんこうりょくちこうしゅうべんじょ（みなみ）","公衆トイレ","車いす対応公衆便所","","","","","","【男性用】和：1　小：2　【女性用】和：2　【障がい者用】洋：1","","135.409825500001","34.6729212200007","車いす対応公衆便所"
"野鳥園臨港緑地（公衆便所）","大阪市住之江区南港北2丁目 5-103","やちょうえんりんこうりょくちこうしゅうべんじょ","公衆トイレ","公衆便所","","","","","","【男性用】和：1　小：2　【女性用】和：1","","135.402135500001","34.6370409000007","公衆便所"
"野鳥園臨港緑地（公衆便所）","大阪市住之江区南港北3丁目 5-50","やちょうえんりんこうりょくちこうしゅうべんじょ","公衆トイレ","車いす対応公衆便所","","","","","","【男性用】洋：1　和：1　小：3　【女性用】洋：1　和：2　【障がい者用】洋：1","","135.401048100001","34.6347312000008","車いす対応公衆便所"
"天保山ハーバービレッジ（公衆便所）","大阪市港区海岸通１","てんぽうざんはーばーびれっじこうしゅうべんじょ","公衆トイレ","車いす対応公衆便所","","","","","","【男性用】和：1　小：2　【女性用】和：2　【障がい者用】洋：1","","135.431050200001","34.6561051000006","車いす対応公衆便所"
"舞洲体育館（公衆便所）","大阪市此花区北港緑地2丁目 2-49","","公衆トイレ","車いす対応公衆便所","","","","","","【男性用】洋：1(乳幼児イス設置)　和：1　小：5　【女性用】洋：2(1箇所乳幼児イス設置)　和：3　【障がい者用】洋：2(2箇所とも乳幼児ベッド設置)","","135.396461300001","34.6647731000008","車いす対応公衆便所"
"蕪村公園　公衆トイレ","大阪市都島区毛馬町１丁目１２ 城北公園通","ぶそんこうえん　こうしゅうといれ","公衆トイレ","車いす対応公衆便所","","","","","","","","135.520086","34.7181850000003","車いす対応公衆便所"
"大阪城公園　公衆トイレ１０","大阪市中央区大阪城３－１５","おおさかじょうこうえん　こうしゅうといれ１０","公衆トイレ","車いす対応公衆便所","","","","","","","","135.52722","34.6826510000003","車いす対応公衆便所"
"歌島公園　公衆トイレ","大阪市西淀川区御幣島５丁目７","うたじまこうえん　こうしゅうといれ","公衆トイレ","車いす対応公衆便所","","","","","","","","135.458357000001","34.7192070000005","車いす対応公衆便所"
"中島公園　公衆トイレ３","大阪市西淀川区中島１丁目３５－１０４","なかじまこうえん　こうしゅうといれ３","公衆トイレ","車いす対応公衆便所","","","","","","","","135.423574000001","34.7009420000006","車いす対応公衆便所"
"中島公園　公衆トイレ４","大阪市西淀川区中島２丁目３－８７","なかじまこうえん　こうしゅうといれ４","公衆トイレ","車いす対応公衆便所","","","","","","","","135.421343000001","34.7021590000006","車いす対応公衆便所"
"新森中央公園　公衆トイレ","大阪市旭区新森４丁目２２－３２","しんもりちゅうおうこうえん　こうしゅうといれ","公衆トイレ","車いす対応公衆便所","","","","","","","","135.556524","34.7180880000002","車いす対応公衆便所"
"花博記念公園鶴見緑地　公衆トイレ１８","大阪市鶴見区緑地公園","はなはくきねんこうえんつるみりょくち　こうしゅうといれ１８","公衆トイレ","車いす対応公衆便所","","","","","","","","135.580376","34.7143480000002","車いす対応公衆便所"
"花博記念公園鶴見緑地　公衆トイレ１９","大阪市鶴見区緑地公園","はなはくきねんこうえんつるみりょくち　こうしゅうといれ１９","公衆トイレ","車いす対応公衆便所","","","","","","","","135.56983","34.7143970000002","車いす対応公衆便所"
"花博記念公園鶴見緑地　公衆トイレ２０","大阪市鶴見区緑地公園","はなはくきねんこうえんつるみりょくち　こうしゅうといれ２０","公衆トイレ","車いす対応公衆便所","","","","","","","","135.576412","34.7160060000002","車いす対応公衆便所"
"花博記念公園鶴見緑地　公衆トイレ２１","大阪市鶴見区緑地公園","はなはくきねんこうえんつるみりょくち　こうしゅうといれ２１","公衆トイレ","車いす対応公衆便所","","","","","","","","135.58057","34.7073280000002","車いす対応公衆便所"
"花博記念公園鶴見緑地　公衆トイレ２２","大阪市鶴見区緑地公園","はなはくきねんこうえんつるみりょくち　こうしゅうといれ２２","公衆トイレ","車いす対応公衆便所","","","","","","","","135.580392","34.7056120000002","車いす対応公衆便所"
"花博記念公園鶴見緑地　公衆トイレ２３","大阪市鶴見区緑地公園","はなはくきねんこうえんつるみりょくち　こうしゅうといれ２３","公衆トイレ","車いす対応公衆便所","","","","","","","","135.574347","34.7108600000002","車いす対応公衆便所"
"花博記念公園鶴見緑地　公衆トイレ２４","大阪市鶴見区緑地公園","はなはくきねんこうえんつるみりょくち　こうしゅうといれ２４","公衆トイレ","車いす対応公衆便所","","","","","","","","135.57984","34.7129770000002","車いす対応公衆便所"
"花博記念公園鶴見緑地　公衆トイレ２５","大阪市鶴見区緑地公園","はなはくきねんこうえんつるみりょくち　こうしゅうといれ２５","公衆トイレ","車いす対応公衆便所","","","","","","","","135.570136","34.7098770000002","車いす対応公衆便所"
"花博記念公園鶴見緑地　公衆トイレ２６","大阪市鶴見区緑地公園","はなはくきねんこうえんつるみりょくち　こうしゅうといれ２６","公衆トイレ","車いす対応公衆便所","","","","","","","","135.56748","34.7117770000002","車いす対応公衆便所"
"弁天町公衆トイレ","大阪市港区波除3-11","べんてんちょうこうしゅうといれ","公衆トイレ","車いす対応公衆便所","","","","","","便器数　男性用　洋：１　小：２　　男女兼用　車いす対応（ｵｽﾄﾒｲﾄ有）：１","","135.462724100001","34.6694247200005","車いす対応公衆便所"
"天王寺公園南口公衆トイレ","大阪市西成区山王1-17","てんのうじこうえんみなみぐちこうしゅうといれ","公衆トイレ","公衆便所","","","","","","便器数　　男性用　小：４　　男女兼用　和：１","","135.5057708","34.6488536400004","公衆便所"
"東入船町公衆トイレ","大阪市西成区萩之茶屋1-14","ひがしいりふねちょうこうしゅうといれ","公衆トイレ","公衆便所","","","","","","便器数　　男性用　小：２　　男女兼用　和：１","","135.5024798","34.6469847000004","公衆便所"
"萩之茶屋北公園公衆トイレ","大阪市西成区萩之茶屋1-13","はぎのちゃやきたこうえんこうしゅうといれ","公衆トイレ","車いす対応公衆便所","","","","","","便器数　　男性用　小：２　　男女兼用　車いす対応（ｵｽﾄﾒｲﾄ有）：１","","135.500857","34.6476179800004","車いす対応公衆便所"
"今池町公衆トイレ","大阪市西成区萩之茶屋2-2","いまいけちょうこうしゅうといれ","公衆トイレ","公衆便所","","","","","","便器数　　男性用　小：２　　男女兼用　和：１","","135.5021715","34.6457357700004","公衆便所"
"北港白津ふ頭港湾労働者休憩所（ウイング舞洲）","大阪市此花区北港白津1-12-60","ほっこうしらつふとうこうわんろうどうしゃきゅうけいじょ（ういんぐまいしま）","公衆トイレ","公衆便所","","","","","","","","135.407390000001","34.6602400000007","公衆便所"
"大阪港湾労働者福祉センター","大阪市港区港晴2-14-25","おおさかこうわんろうどうしゃふくしせんたー","公衆トイレ","公衆便所","","","","","","","","135.443230000001","34.6536500000006","公衆便所"
"第3突堤港湾労働者便所","大阪市港区海岸通4-5","だい３とっていこうわんろうどうしゃべんじょ","公衆トイレ","公衆便所","","","","","","","","135.449340000001","34.6469400000005","公衆便所"
"安治川1号港湾労働者休憩所","大阪市港区石田3-3-38","あじがわ１ごうこうわんろうどうしゃきゅうけいじょ","公衆トイレ","公衆便所","","","","","","","","135.442660000001","34.6610700000006","公衆便所"
"安治川2号港湾労働者休憩所","大阪市港区石田1-5-41","あじかわ２ごうこうわんろうどうしゃきゅうけいじょ","公衆トイレ","公衆便所","","","","","","","","135.449790000001","34.6682400000005","公衆便所"
"マーメイド広場便所","大阪市港区海岸通1","まーめいどひろばべんじょ","公衆トイレ","公衆便所","","","","","","","","135.428665900001","34.6537501000006","公衆便所"
"大阪第2港湾労働者福祉センター","大阪市大正区小林西1-25-2","おおさかだい２こうわんろうどうしゃふくしせんたー","公衆トイレ","公衆便所","","","","","","","","135.465050000001","34.6452400000005","公衆便所"
"大正第1突堤港湾労働者便所","大阪市大正区小林西1-31","たいしょうだい１とっていこうわんろうどうしゃべんじょ","公衆トイレ","公衆便所","","","","","","","","135.462430000001","34.6451900000005","公衆便所"
"南港コンテナふ頭港湾労働者便所","大阪市住之江区南港東5-1","なんこうこんてなふとうこうわんろうどうしゃべんじょ","公衆トイレ","公衆便所","","","","","","","","135.437700000001","34.6298100000006","公衆便所"
"南港中ふ頭港湾労働者便所","大阪市住之江区南港中6-7","なんこうなかふとうこうわんろうどうしゃべんじょ","公衆トイレ","公衆便所","","","","","","","","135.412390000001","34.6297300000007","公衆便所"
"南港ポートタウン東駅前広場","大阪市住之江区南港中2-1","なんこうぽーとたうんひがしえきまえひろば","公衆トイレ","公衆便所","","","","","","","","135.429274200001","34.6314129600006","公衆便所"
"南港南ふ頭港湾労働者便所","大阪市住之江区南港南6-1","なんこうみなみふとうこうわんろうどうしゃべんじょ","公衆トイレ","公衆便所","","","","","","","","135.411010000001","34.6151300000007","公衆便所"
"南港重量物ふ頭港湾労働者休憩所（ウイング南港）","大阪市住之江区南港北3-3-3","なんこうじゅうりょうぶつふとうこうわんろうどうしゃきゅうけいじょ（ういんぐなんこう）","公衆トイレ","公衆便所","","","","","","","","135.401340000001","34.6341900000007","公衆便所"
"加賀屋緑地　公衆トイレ・事務所","大阪市住之江区南加賀屋4","","公衆トイレ","公衆便所","","","","","","","","135.475520800001","34.6021438200004","公衆便所"
"毛馬桜之宮公園　公衆トイレ（川崎橋側）","大阪市北区天満１丁目1-139","","公衆トイレ","公衆便所","","","","","","","","135.5211533","34.6937067600003","公衆便所"
"毛馬桜之宮公園　公衆トイレ（艇庫横）","大阪市都島区中野町１丁目10-8","","公衆トイレ","公衆便所","","","","","","","","135.5230952","34.7006201800003","公衆便所"
"毛馬桜之宮公園　公衆トイレ（友渕北）","大阪市都島区友渕町１丁目1-6","","公衆トイレ","公衆便所","","","","","","","","135.522497","34.7155763300003","公衆便所"
"毛馬桜之宮公園　公衆トイレ（藤田邸跡）","大阪市都島区網島町10","","公衆トイレ","公衆便所","","","","","","","","135.5238889","34.6948006000003","公衆便所"
"毛馬桜之宮公園　公衆トイレ（市公館横（2））","大阪市都島区網島町10","","公衆トイレ","公衆便所","","","","","","","","135.5238167","34.6956628700003","公衆便所"
"正蓮寺川公園　公衆トイレ","大阪市此花区朝日2","","公衆トイレ","公衆便所","","","","","","","","135.458775700001","34.6858995300005","公衆便所"
"南港東公園　公衆トイレ","大阪市住之江区南港東2-1外","","公衆トイレ","公衆便所","","","","","","","","135.443004400001","34.6123011400006","公衆便所"
"六反さくら公園　公衆トイレ","大阪市平野区長吉六反1","","公衆トイレ","公衆便所","","","","","","","","135.5807814","34.6096741700002","公衆便所"
